{"priority_prm": {"test_case_1-0.1": {"success": false}, "test_case_1-0.2": {"success": false}, "test_case_1-0.30000000000000004": {"success": false}, "test_case_1-0.4": {"success": false}, "test_case_1-0.5": {"avg_loc_error": 0.8771289157027812, "max_loc_error": 1.5109967780483469, "avg_rmse_t": 0.5895661886236561, "max_rmse_t": 1.027327160319686, "avg_rmse_i": 2.0460258429706353, "max_rmse_i": 5.081929892378819, "total_time": 28, "nonrigid_time": 0, "percent_nonrigid": 0.0, "total_dist": 219.62998870832848, "planning_time": 3.7752208709716797, "success": true, "planner": "priority_prm", "form": "test6", "num_robots": 6, "setting": "rectangle", "avg_dist": 36.604998118054745, "min_val": -5}, "test_case_1-0.6000000000000001": {"avg_loc_error": 0.8425161000546924, "max_loc_error": 1.2416318934000292, "avg_rmse_t": 0.5721117412767706, "max_rmse_t": 0.8496765915383763, "avg_rmse_i": 1.9145330725786762, "max_rmse_i": 4.350293386810527, "total_time": 27, "nonrigid_time": 0, "percent_nonrigid": 0.0, "total_dist": 220.5777036429239, "planning_time": 3.8677585124969482, "success": true, "planner": "priority_prm", "form": "test6", "num_robots": 6, "setting": "rectangle", "avg_dist": 36.76295060715398, "min_val": -6}, "test_case_1-0.7000000000000001": {"avg_loc_error": 0.8084553748928968, "max_loc_error": 1.2437867194275862, "avg_rmse_t": 0.546817814867478, "max_rmse_t": 0.8482203744140766, "avg_rmse_i": 1.8265524452271855, "max_rmse_i": 4.25796996914901, "total_time": 27, "nonrigid_time": 0, "percent_nonrigid": 0.0, "total_dist": 220.4361665286361, "planning_time": 3.873340606689453, "success": true, "planner": "priority_prm", "form": "test6", "num_robots": 6, "setting": "rectangle", "avg_dist": 36.739361088106016, "min_val": -7}, "test_case_1-0.8": {"avg_loc_error": 0.7926026318161704, "max_loc_error": 1.246169686035533, "avg_rmse_t": 0.5305326334673693, "max_rmse_t": 0.8724458089713449, "avg_rmse_i": 1.8517713391612387, "max_rmse_i": 4.406239046278198, "total_time": 28, "nonrigid_time": 0, "percent_nonrigid": 0.0, "total_dist": 219.66312642840208, "planning_time": 3.660743474960327, "success": true, "planner": "priority_prm", "form": "test6", "num_robots": 6, "setting": "rectangle", "avg_dist": 36.61052107140035, "min_val": -8}, "test_case_1-0.9": {"avg_loc_error": 0.7695367889884313, "max_loc_error": 1.2475963501280432, "avg_rmse_t": 0.5139813559637978, "max_rmse_t": 0.8728014228741697, "avg_rmse_i": 1.794470671760145, "max_rmse_i": 4.385014419020479, "total_time": 28, "nonrigid_time": 0, "percent_nonrigid": 0.0, "total_dist": 219.65093898920816, "planning_time": 3.524367332458496, "success": true, "planner": "priority_prm", "form": "test6", "num_robots": 6, "setting": "rectangle", "avg_dist": 36.60848983153469, "min_val": -9}}}