{"priority_prm": {"test_case_1": {"avg_loc_error": 0.6096272375359545, "max_loc_error": 0.8400861366153375, "avg_rmse_t": 0.409554009439341, "max_rmse_t": 0.5631322908711611, "avg_rmse_i": 1.3679329391592914, "max_rmse_i": 2.97095208038006, "total_time": 27, "nonrigid_time": 0, "percent_nonrigid": 0.0, "total_dist": 216.63632287842745, "planning_time": 4.017680883407593, "success": true, "planner": "priority_prm", "form": "test6", "num_robots": 6, "setting": "rectangle", "avg_dist": 36.10605381307124, "order": 0}, "test_case_2": {"avg_loc_error": 1.188163932662917, "max_loc_error": 2.374549404791847, "avg_rmse_t": 0.7857444479466995, "max_rmse_t": 1.4716350996941379, "avg_rmse_i": 3.0021603502310685, "max_rmse_i": 5.579793816241434, "total_time": 35, "nonrigid_time": 0, "percent_nonrigid": 0.0, "total_dist": 367.33428683466644, "planning_time": 5.117284059524536, "success": true, "planner": "priority_prm", "form": "test8", "num_robots": 8, "setting": "curve_maze", "avg_dist": 45.916785854333305, "order": 0}, "test_case_3": {"avg_loc_error": 1.2637175786751644, "max_loc_error": 2.616199342553489, "avg_rmse_t": 0.6578679603025928, "max_rmse_t": 1.2662889056404234, "avg_rmse_i": 4.022780146215523, "max_rmse_i": 8.288417700894126, "total_time": 58, "nonrigid_time": 0, "percent_nonrigid": 0.0, "total_dist": 649.7973462585211, "planning_time": 5.7978599071502686, "success": true, "planner": "priority_prm", "form": "test8", "num_robots": 8, "setting": "adversarial1", "avg_dist": 81.22466828231514, "order": 0}}}