{"priority_prm": {"test_case_1": {"avg_loc_error": 1.2764303185004786, "max_loc_error": 2.374063105349208, "avg_rmse_t": 0.8222158707274244, "max_rmse_t": 1.467529944066441, "avg_rmse_i": 3.265402473162358, "max_rmse_i": 6.931501901852177, "total_time": 37, "nonrigid_time": 0, "percent_nonrigid": 0.0, "total_dist": 361.4209687344284, "planning_time": 3.7391889095306396, "success": true, "planner": "priority_prm", "form": "test8", "num_robots": 8, "setting": "curve_maze", "avg_dist": 45.17762109180355, "order": 0}}}