{
    "priority_prm_a_opt": {
        "test_case_1": {
            "avg_loc_error": 0.6147060782203378,
            "max_loc_error": 0.8361814447268897,
            "avg_rmse_t": 0.4125557112743452,
            "max_rmse_t": 0.5612466193466614,
            "avg_rmse_i": 1.376189323103002,
            "max_rmse_i": 2.952896188171436,
            "total_time": 27,
            "nonrigid_time": 0,
            "percent_nonrigid": 0,
            "total_dist": 217.63221911406788,
            "planning_time": 3.0427029132843018,
            "success": true,
            "planner": "priority_prm",
            "form": "test6",
            "num_robots": 6,
            "setting": "rectangle",
            "avg_dist": 36.272036519011316,
            "order": 0
        },
        "test_case_2": {
            "avg_loc_error": 1.2764303185004786,
            "max_loc_error": 2.374063105349208,
            "avg_rmse_t": 0.8222158707274244,
            "max_rmse_t": 1.467529944066441,
            "avg_rmse_i": 3.265402473162358,
            "max_rmse_i": 6.931501901852177,
            "total_time": 37,
            "nonrigid_time": 0,
            "percent_nonrigid": 0,
            "total_dist": 361.4209687344284,
            "planning_time": 3.892630100250244,
            "success": true,
            "planner": "priority_prm",
            "form": "test8",
            "num_robots": 8,
            "setting": "curve_maze",
            "avg_dist": 45.17762109180355,
            "order": 0
        },
        "test_case_3": {
            "avg_loc_error": 1.0336038892612651,
            "max_loc_error": 1.870753856108241,
            "avg_rmse_t": 0.5046105961810988,
            "max_rmse_t": 0.9452879493013019,
            "avg_rmse_i": 3.1455997349696263,
            "max_rmse_i": 6.274319144106348,
            "total_time": 61,
            "nonrigid_time": 0,
            "percent_nonrigid": 0,
            "total_dist": 665.7566845319523,
            "planning_time": 5.041008472442627,
            "success": true,
            "planner": "priority_prm",
            "form": "test8",
            "num_robots": 8,
            "setting": "adversarial1",
            "avg_dist": 83.21958556649403,
            "order": 0
        },
        "test_case_4": {
            "avg_loc_error": 1.379256141142501,
            "max_loc_error": 2.297586831105141,
            "avg_rmse_t": 0.7977655506823684,
            "max_rmse_t": 1.356873997683129,
            "avg_rmse_i": 3.71651421596346,
            "max_rmse_i": 7.074998966458204,
            "total_time": 62,
            "nonrigid_time": 0,
            "percent_nonrigid": 0,
            "total_dist": 1002.636101201043,
            "planning_time": 7.964709997177124,
            "success": true,
            "planner": "priority_prm",
            "form": "test12",
            "num_robots": 12,
            "setting": "adversarial1",
            "avg_dist": 83.55300843342025,
            "order": 0
        },
        "test_case_5": {
            "avg_loc_error": 3.9028272120670935,
            "max_loc_error": 10.36834190776238,
            "avg_rmse_t": 2.7329087593469947,
            "max_rmse_t": 7.23061072160403,
            "avg_rmse_i": 9.550975311781361,
            "max_rmse_i": 19.99860439531177,
            "total_time": 61,
            "nonrigid_time": 0,
            "percent_nonrigid": 0,
            "total_dist": 1580.8334968529919,
            "planning_time": 21.605042457580566,
            "success": true,
            "planner": "priority_prm",
            "form": "test20",
            "num_robots": 20,
            "setting": "adversarial1",
            "avg_dist": 79.0416748426496,
            "order": 0
        }
    }
}