{
    "a_star": {
        "test_case_1": {
            "avg_dist": 36.01960585142472,
            "avg_loc_error": 0.5914421957345142,
            "avg_rmse_i": 1.3411107911968705,
            "avg_rmse_t": 0.39967414116209626,
            "form": "test6",
            "max_loc_error": 0.8786984450585433,
            "max_rmse_i": 2.971819420061273,
            "max_rmse_t": 0.6042256641417263,
            "nonrigid_time": 0,
            "num_robots": 6,
            "order": 0,
            "percent_nonrigid": 0,
            "planner": "a_star",
            "planning_time": 3.135427236557007,
            "setting": "rectangle",
            "success": true,
            "total_dist": 216.1176351085483,
            "total_time": 27
        },
        "test_case_2": {
            "avg_dist": 45.00023680100672,
            "avg_loc_error": 1.2495917030694461,
            "avg_rmse_i": 3.0490243710956624,
            "avg_rmse_t": 0.8089610512743571,
            "form": "test8",
            "max_loc_error": 2.300578494806633,
            "max_rmse_i": 5.925157905875267,
            "max_rmse_t": 1.4282575084437399,
            "nonrigid_time": 3,
            "num_robots": 8,
            "order": 0,
            "percent_nonrigid": 8.571428571428571,
            "planner": "a_star",
            "planning_time": 4.27042555809021,
            "setting": "curve_maze",
            "success": true,
            "total_dist": 360.0018944080538,
            "total_time": 35
        },
        "test_case_3": {
            "avg_dist": 80.64447464108683,
            "avg_loc_error": 1.1567828997106475,
            "avg_rmse_i": 3.596033800331249,
            "avg_rmse_t": 0.6083371834484114,
            "form": "test8",
            "max_loc_error": 2.213656184556329,
            "max_rmse_i": 8.415750086901634,
            "max_rmse_t": 1.1877316222043153,
            "nonrigid_time": 11,
            "num_robots": 8,
            "order": 0,
            "percent_nonrigid": 18.96551724137931,
            "planner": "a_star",
            "planning_time": 5.535746097564697,
            "setting": "adversarial1",
            "success": true,
            "total_dist": 645.1557971286946,
            "total_time": 58
        },
        "test_case_4": {
            "avg_dist": 83.49457993764348,
            "avg_loc_error": 1.1144291703817162,
            "avg_rmse_i": 3.051344943033406,
            "avg_rmse_t": 0.624556397271946,
            "form": "test12",
            "max_loc_error": 3.0309299443093463,
            "max_rmse_i": 6.123209264871675,
            "max_rmse_t": 1.776688169951761,
            "nonrigid_time": 0,
            "num_robots": 12,
            "order": 0,
            "percent_nonrigid": 0,
            "planner": "a_star",
            "planning_time": 21.239517211914062,
            "setting": "adversarial1",
            "success": true,
            "total_dist": 1001.9349592517218,
            "total_time": 62
        },
        "test_case_5": {
            "avg_dist": 77.8926057250418,
            "avg_loc_error": 4.05669086119098,
            "avg_rmse_i": 10.02753303646979,
            "avg_rmse_t": 2.879850861706592,
            "form": "test20",
            "max_loc_error": 11.453539888937714,
            "max_rmse_i": 22.447748108843378,
            "max_rmse_t": 8.166777255623268,
            "nonrigid_time": 0,
            "num_robots": 20,
            "order": 0,
            "percent_nonrigid": 0,
            "planner": "a_star",
            "planning_time": 25.028942823410034,
            "setting": "adversarial1",
            "success": true,
            "total_dist": 1557.852114500836,
            "total_time": 59
        }
    },
    "decoupled_rrt": {
        "test_case_1": {
            "avg_dist": 42.25736363164471,
            "avg_loc_error": 1.0948535268302704,
            "avg_rmse_i": 3.5582171146044477,
            "avg_rmse_t": 0.6397076920228902,
            "form": "test6",
            "max_loc_error": 1.8255004034715026,
            "max_rmse_i": 11.909456110554121,
            "max_rmse_t": 1.06566301858243,
            "nonrigid_time": 0,
            "num_robots": 6,
            "order": 0,
            "percent_nonrigid": 0,
            "planner": "decoupled_rrt",
            "planning_time": 0.3810276985168457,
            "setting": "rectangle",
            "success": true,
            "total_dist": 253.54418178986825,
            "total_time": 48
        },
        "test_case_2": {
            "avg_dist": 59.96561791415638,
            "avg_loc_error": 1.271029719193392,
            "avg_rmse_i": 4.43931917547105,
            "avg_rmse_t": 0.6262291812964135,
            "form": "test8",
            "max_loc_error": 2.3240890359013844,
            "max_rmse_i": 9.86235833127037,
            "max_rmse_t": 1.1123654744423628,
            "nonrigid_time": 7,
            "num_robots": 8,
            "order": 0,
            "percent_nonrigid": 10.294117647058822,
            "planner": "decoupled_rrt",
            "planning_time": 2.6256496906280518,
            "setting": "curve_maze",
            "success": true,
            "total_dist": 479.72494331325106,
            "total_time": 68
        },
        "test_case_3": {
            "avg_dist": 108.68799526659598,
            "avg_loc_error": 1.3546177843460867,
            "avg_rmse_i": 6.14425989443982,
            "avg_rmse_t": 0.5351577287219512,
            "form": "test8",
            "max_loc_error": 2.4462360839435924,
            "max_rmse_i": 19.721232515798263,
            "max_rmse_t": 1.047874957959469,
            "nonrigid_time": 0,
            "num_robots": 8,
            "order": 0,
            "percent_nonrigid": 0,
            "planner": "decoupled_rrt",
            "planning_time": 8.532281875610352,
            "setting": "adversarial1",
            "success": true,
            "total_dist": 869.5039621327678,
            "total_time": 120
        },
        "test_case_4": {
            "avg_dist": 111.53947740540201,
            "avg_loc_error": 0.7002722577953532,
            "avg_rmse_i": 2.9613510515718513,
            "avg_rmse_t": 0.31485621749934256,
            "form": "test12",
            "max_loc_error": 1.6355064063334492,
            "max_rmse_i": 8.628144452908481,
            "max_rmse_t": 0.8568504875594722,
            "nonrigid_time": 1,
            "num_robots": 12,
            "order": 0,
            "percent_nonrigid": 0.8,
            "planner": "decoupled_rrt",
            "planning_time": 34.037559032440186,
            "setting": "adversarial1",
            "success": true,
            "total_dist": 1338.4737288648241,
            "total_time": 125
        },
        "test_case_5": {
            "avg_dist": 100.20205103273267,
            "avg_loc_error": 0.7360492232345998,
            "avg_rmse_i": 2.487553757620163,
            "avg_rmse_t": 0.44268665082432956,
            "form": "test20",
            "max_loc_error": 1.7987900139184378,
            "max_rmse_i": 6.152054988517484,
            "max_rmse_t": 1.0416384497734403,
            "nonrigid_time": 0,
            "num_robots": 20,
            "order": 0,
            "percent_nonrigid": 0,
            "planner": "decoupled_rrt",
            "planning_time": 27.619229316711426,
            "setting": "adversarial1",
            "success": true,
            "total_dist": 2004.0410206546535,
            "total_time": 114
        }
    },
    "priority_prm": {
        "test_case_1": {
            "avg_dist": 36.10605381307124,
            "avg_loc_error": 0.6096272375359545,
            "avg_rmse_i": 1.3679329391592914,
            "avg_rmse_t": 0.409554009439341,
            "form": "test6",
            "max_loc_error": 0.8400861366153375,
            "max_rmse_i": 2.97095208038006,
            "max_rmse_t": 0.5631322908711611,
            "nonrigid_time": 0,
            "num_robots": 6,
            "order": 0,
            "percent_nonrigid": 0,