{
    "a_star": {
        "test_case_1": {
            "avg_dist": 36.01960585142472,
            "avg_loc_error": 0.07550376092796347,
            "avg_rmse_i": 0.187564947570928,
            "avg_rmse_t": 0.056530669956465086,
            "form": "test6",
            "max_loc_error": 0.2117399899685759,
            "max_rmse_i": 0.5605282076954373,
            "max_rmse_t": 0.15415531017747194,
            "nonrigid_time": 0,
            "num_robots": 6,
            "order": 0,
            "percent_nonrigid": 0,
            "planner": "a_star",
            "planning_time": 2.978700637817383,
            "setting": "rectangle",
            "success": true,
            "total_dist": 216.1176351085483,
            "total_time": 27
        },
        "test_case_2": {
            "avg_dist": 45.00023680100672,
            "avg_loc_error": 0.10342548774747246,
            "avg_rmse_i": 0.2755068232349456,
            "avg_rmse_t": 0.07198522440081292,
            "form": "test8",
            "max_loc_error": 0.21331287399892734,
            "max_rmse_i": 0.6540532134739028,
            "max_rmse_t": 0.16641800540353768,
            "nonrigid_time": 11,
            "num_robots": 8,
            "order": 0,
            "percent_nonrigid": 31.428571428571427,
            "planner": "a_star",
            "planning_time": 3.9684603214263916,
            "setting": "curve_maze",
            "success": true,
            "total_dist": 360.0018944080538,
            "total_time": 35
        },
        "test_case_3": {
            "avg_dist": 80.64447464108683,
            "avg_loc_error": 0.17109318883373692,
            "avg_rmse_i": 0.6306889372977794,
            "avg_rmse_t": 0.09091556371767359,
            "form": "test8",
            "max_loc_error": 0.7048043519771792,
            "max_rmse_i": 1.5864662344945732,
            "max_rmse_t": 0.37220178727702874,
            "nonrigid_time": 27,
            "num_robots": 8,
            "order": 0,
            "percent_nonrigid": 46.55172413793103,
            "planner": "a_star",
            "planning_time": 5.016988277435303,
            "setting": "adversarial1",
            "success": true,
            "total_dist": 645.1557971286946,
            "total_time": 58
        },
        "test_case_4": {
            "avg_dist": 83.49457993764348,
            "avg_loc_error": 0.06947542006881013,
            "avg_rmse_i": 0.19846098801937054,
            "avg_rmse_t": 0.04127907999089121,
            "form": "test12",
            "max_loc_error": 0.22499126615479462,
            "max_rmse_i": 0.48183220374269714,
            "max_rmse_t": 0.1353789308454784,
            "nonrigid_time": 0,
            "num_robots": 12,
            "order": 0,
            "percent_nonrigid": 0,
            "planner": "a_star",
            "planning_time": 7.929528474807739,
            "setting": "adversarial1",
            "success": true,
            "total_dist": 1001.9349592517218,
            "total_time": 62
        },
        "test_case_5": {
            "avg_dist": 77.8926057250418,
            "avg_loc_error": 0.04809580821872708,
            "avg_rmse_i": 0.10013220453983473,
            "avg_rmse_t": 0.0361743290087271,
            "form": "test20",
            "max_loc_error": 0.09983292211542655,
            "max_rmse_i": 0.21471462795422658,
            "max_rmse_t": 0.07411966456137666,
            "nonrigid_time": 0,
            "num_robots": 20,
            "order": 0,
            "percent_nonrigid": 0,
            "planner": "a_star",
            "planning_time": 16.62509846687317,
            "setting": "adversarial1",
            "success": true,
            "total_dist": 1557.852114500836,
            "total_time": 59
        }
    },
    "decoupled_rrt": {
        "test_case_1": {
            "avg_dist": 42.25736363164471,
            "avg_loc_error": 0.0497923565831039,
            "avg_rmse_i": 0.16763059164124697,
            "avg_rmse_t": 0.02767170222018962,
            "form": "test6",
            "max_loc_error": 0.13220537984544145,
            "max_rmse_i": 0.40174800025790186,
            "max_rmse_t": 0.06620363164970224,
            "nonrigid_time": 0,
            "num_robots": 6,
            "order": 0,
            "percent_nonrigid": 0,
            "planner": "decoupled_rrt",
            "planning_time": 0.38062572479248047,
            "setting": "rectangle",
            "success": true,
            "total_dist": 253.54418178986825,
            "total_time": 48
        },
        "test_case_2": {
            "avg_dist": 59.96561791415638,
            "avg_loc_error": 118.41107342302868,
            "avg_rmse_i": 2659.482259099379,
            "avg_rmse_t": 114.83111460910357,
            "form": "test8",
            "max_loc_error": 7514.060204247805,
            "max_rmse_i": 21273.833499058288,
            "max_rmse_t": 7289.592445171614,
            "nonrigid_time": 17,
            "num_robots": 8,
            "order": 0,
            "percent_nonrigid": 25,
            "planner": "decoupled_rrt",
            "planning_time": 2.657099485397339,
            "setting": "curve_maze",
            "success": true,
            "total_dist": 479.72494331325106,
            "total_time": 68
        },
        "test_case_3": {
            "avg_dist": 108.68799526659598,
            "avg_loc_error": 0.09542912738186103,
            "avg_rmse_i": 0.5506560646670668,
            "avg_rmse_t": 0.036654846029209556,
            "form": "test8",
            "max_loc_error": 0.8886309031820354,
            "max_rmse_i": 1.454706336529757,
            "max_rmse_t": 0.3143654230548216,
            "nonrigid_time": 7,
            "num_robots": 8,
            "order": 0,
            "percent_nonrigid": 5.833333333333333,
            "planner": "decoupled_rrt",
            "planning_time": 8.613601684570312,
            "setting": "adversarial1",
            "success": true,
            "total_dist": 869.5039621327678,
            "total_time": 120
        },
        "test_case_4": {
            "avg_dist": 111.53947740540201,
            "avg_loc_error": 0.09134892547079614,
            "avg_rmse_i": 0.48064760515281063,
            "avg_rmse_t": 0.04553625888648246,
            "form": "test12",
            "max_loc_error": 0.37696298932427114,
            "max_rmse_i": 1.185361952873441,
            "max_rmse_t": 0.21928093594254228,
            "nonrigid_time": 24,
            "num_robots": 12,
            "order": 0,
            "percent_nonrigid": 19.2,
            "planner": "decoupled_rrt",
            "planning_time": 13.846187353134155,
            "setting": "adversarial1",
            "success": true,
            "total_dist": 1338.4737288648241,
            "total_time": 125
        },
        "test_case_5": {
            "avg_dist": 100.20205103273267,
            "avg_loc_error": 0.049913913887194065,
            "avg_rmse_i": 0.14752115080259204,
            "avg_rmse_t": 0.02657331697325099,
            "form": "test20",
            "max_loc_error": 0.13647127030782033,
            "max_rmse_i": 0.27295917092337063,
            "max_rmse_t": 0.07594997057862814,
            "nonrigid_time": 0,
            "num_robots": 20,
            "order": 0,
            "percent_nonrigid": 0,
            "planner": "decoupled_rrt",
            "planning_time": 20.14719533920288,
            "setting": "adversarial1",
            "success": true,
            "total_dist": 2004.0410206546535,
            "total_time": 114
        }
    },
    "potential_field": {
        "test_case_1": {
            "avg_dist": 34.64122899681478,
            "avg_loc_error": 0.049042219505690786,
            "avg_rmse_i": 0.14503078086703639,
            "avg_rmse_t": 0.02952433173336172,
            "form": "test6",
            "max_loc_error": 0.0873148148869209,
            "max_rmse_i": 0.36412141228561684,
            "max_rmse_t": 0.05056611933532055,
            "nonrigid_time": 0,
            "num_robots": 6,