{
    "potential_field": {
        "test_case_1": {
            "avg_loc_error": 2.142509549513134,
            "max_loc_error": 2.6756163050779906,
            "avg_rmse_t": 1.3091963996546407,
            "max_rmse_t": 1.6355355450550897,
            "avg_rmse_i": 6.039344741422421,
            "max_rmse_i": 20.053202319628898,
            "total_time": 40,
            "nonrigid_time": 0,
            "percent_nonrigid": 0,
            "total_dist": 207.84737398088868,
            "planning_time": 0.15784716606140137,
            "success": true,
            "planner": "potential_field",
            "form": "test6",
            "num_robots": 6,
            "setting": "rectangle",
            "avg_dist": 34.64122899681478,
            "order": 0
        },
        "test_case_2": {
            "success": false
        },
        "test_case_3": {
            "success": false
        },
        "test_case_4": {
            "success": false
        },
        "test_case_5": {
            "success": false
        }
    },
    "decoupled_rrt": {
        "test_case_1": {
            "avg_loc_error": 0.305174246900046,
            "max_loc_error": 2.6269903598932665,
            "avg_rmse_t": 0.18175439478118416,
            "max_rmse_t": 1.4688445154465732,
            "avg_rmse_i": 2.0060366341286002,
            "max_rmse_i": 6.282570957440595,
            "total_time": 48,
            "nonrigid_time": 0,
            "percent_nonrigid": 0,
            "total_dist": 253.54418178986825,
            "planning_time": 0.3830382823944092,
            "success": true,
            "planner": "decoupled_rrt",
            "form": "test6",
            "num_robots": 6,
            "setting": "rectangle",
            "avg_dist": 42.25736363164471,
            "order": 0
        },
        "test_case_2": {
            "avg_loc_error": 2.56381130981242,
            "max_loc_error": 6.733236258000242,
            "avg_rmse_t": 1.3768198636478457,
            "max_rmse_t": 3.2868485426412386,
            "avg_rmse_i": 10.132989441777706,
            "max_rmse_i": 25.015024604442637,
            "total_time": 68,
            "nonrigid_time": 7,
            "percent_nonrigid": 10.294117647058822,
            "total_dist": 479.72494331325106,
            "planning_time": 2.6173319816589355,
            "success": true,
            "planner": "decoupled_rrt",
            "form": "test8",
            "num_robots": 8,
            "setting": "curve_maze",
            "avg_dist": 59.96561791415638,
            "order": 0
        },
        "test_case_3": {
            "avg_loc_error": 2.073223078456663,
            "max_loc_error": 6.230991725387259,
            "avg_rmse_t": 0.764734029244885,
            "max_rmse_t": 2.1866385839414275,
            "avg_rmse_i": 11.400290384120174,
            "max_rmse_i": 26.345069871212107,
            "total_time": 120,
            "nonrigid_time": 0,
            "percent_nonrigid": 0,
            "total_dist": 869.5039621327678,
            "planning_time": 8.417419672012329,
            "success": true,
            "planner": "decoupled_rrt",
            "form": "test8",
            "num_robots": 8,
            "setting": "adversarial1",
            "avg_dist": 108.68799526659598,
            "order": 0
        },
        "test_case_4": {
            "avg_loc_error": 1.0181014614017485,
            "max_loc_error": 6.050414166278569,
            "avg_rmse_t": 0.48779590271535145,
            "max_rmse_t": 2.813010029708188,
            "avg_rmse_i": 6.534414027831677,
            "max_rmse_i": 17.178631293407797,
            "total_time": 125,
            "nonrigid_time": 1,
            "percent_nonrigid": 0.8,
            "total_dist": 1338.4737288648241,
            "planning_time": 13.143043041229248,
            "success": true,
            "planner": "decoupled_rrt",
            "form": "test12",
            "num_robots": 12,
            "setting": "adversarial1",
            "avg_dist": 111.53947740540201,
            "order": 0
        },
        "test_case_5": {
            "avg_loc_error": 1.1698115604131945,
            "max_loc_error": 3.9584911438574495,
            "avg_rmse_t": 0.6867354661402995,
            "max_rmse_t": 2.1365116261293187,
            "avg_rmse_i": 4.740086496081847,
            "max_rmse_i": 8.333254408730593,
            "total_time": 114,
            "nonrigid_time": 0,
            "percent_nonrigid": 0,
            "total_dist": 2004.0410206546535,
            "planning_time": 44.73829650878906,
            "success": true,
            "planner": "decoupled_rrt",
            "form": "test20",
            "num_robots": 20,
            "setting": "adversarial1",
            "avg_dist": 100.20205103273267,
            "order": 0
        }
    },
    "a_star": {
        "test_case_1": {
            "avg_loc_error": 0.868989171412466,
            "max_loc_error": 3.2617272486500717,
            "avg_rmse_t": 0.6320720432296939,
            "max_rmse_t": 2.3576835796146987,
            "avg_rmse_i": 3.2186520567348764,
            "max_rmse_i": 7.376872502654913,
            "total_time": 27,
            "nonrigid_time": 0,
            "percent_nonrigid": 0,
            "total_dist": 216.1176351085483,
            "planning_time": 3.0649254322052,
            "success": true,
            "planner": "a_star",
            "form": "test6",
            "num_robots": 6,
            "setting": "rectangle",
            "avg_dist": 36.01960585142472,
            "order": 0
        },
        "test_case_2": {
            "avg_loc_error": 1.295160308000461,
            "max_loc_error": 5.158668592210918,
            "avg_rmse_t": 0.9380523726730127,
            "max_rmse_t": 3.707715601516407,
            "avg_rmse_i": 4.623829130010823,
            "max_rmse_i": 12.754750908126395,
            "total_time": 35,
            "nonrigid_time": 3,
            "percent_nonrigid": 8.571428571428571,
            "total_dist": 360.0018944080538,
            "planning_time": 4.164999485015869,
            "success": true,
            "planner": "a_star",
            "form": "test8",
            "num_robots": 8,
            "setting": "curve_maze",
            "avg_dist": 45.00023680100672,
            "order": 0
        },
        "test_case_3": {
            "avg_loc_error": 0.6449746023114845,
            "max_loc_error": 4.147377979933392,
            "avg_rmse_t": 0.34614827741552573,
            "max_rmse_t": 2.1517814189467726,
            "avg_rmse_i": 3.0372536877596925,
            "max_rmse_i": 7.987373414607573,
            "total_time": 58,
            "nonrigid_time": 11,
            "percent_nonrigid": 18.96551724137931,
            "total_dist": 645.1557971286946,
            "planning_time": 5.409332036972046,
            "success": true,
            "planner": "a_star",
            "form": "test8",
            "num_robots": 8,
            "setting": "adversarial1",
            "avg_dist": 80.64447464108683,
            "order": 0
        },
        "test_case_4": {
            "avg_loc_error": 0.7003035069813188,
            "max_loc_error": 3.54134266259384,
            "avg_rmse_t": 0.43163392193055483,
            "max_rmse_t": 2.206208470960727,
            "avg_rmse_i": 3.1525663480182136,
            "max_rmse_i": 6.8630560831623475,
            "total_time": 62,
            "nonrigid_time": 0,
            "percent_nonrigid": 0,
            "total_dist": 1001.9349592517218,
            "planning_time": 8.883649349212646,
            "success": true,
            "planner": "a_star",
            "form": "test12",
            "num_robots": 12,
            "setting": "adversarial1",
            "avg_dist": 83.49457993764348,
            "order": 0
        },
        "test_case_5": {
            "avg_loc_error": 1.2150576488169396,
            "max_loc_error": 4.142378517840284,
            "avg_rmse_t": 0.9786315288024645,
            "max_rmse_t": 3.063401523978463,