{
    "priority_prm": {
        "test_case_1": {
            "planning_time": 3.182239294052124,
            "success": true
        },
        "test_case_2": {
            "planning_time": 4.2910401821136475,
            "success": true
        },
        "test_case_3": {
            "planning_time": 5.526448488235474,
            "success": true
        },
        "test_case_4": {
            "planning_time": 9.030810832977295,
            "success": true
        },
        "test_case_5": {
            "planning_time": 19.564834594726562,
            "success": true
        }
    }
}