{
    "priority_prm": {
        "test_case_1": {
            "avg_dist": 45.10987906673895,
            "avg_loc_error": 1.3990830910958252,
            "avg_rmse_i": 3.5284990580184776,
            "avg_rmse_t": 0.8940928830146804,
            "form": "test8",
            "max_loc_error": 2.4656853034129416,
            "max_rmse_i": 7.951695257590745,
            "max_rmse_t": 1.5402639337653456,
            "nonrigid_time": 0,
            "num_robots": 8,
            "order": 0,
            "percent_nonrigid": 0,
            "planner": "priority_prm",
            "planning_time": 5.178071975708008,
            "setting": "curve_maze",
            "success": true,
            "total_dist": 360.8790325339116,
            "total_time": 37
        },
        "test_case_2": {
            "avg_dist": 82.33199620347152,
            "avg_loc_error": 1.2145281075890835,
            "avg_rmse_i": 3.823066176973187,
            "avg_rmse_t": 0.6153475582966124,
            "form": "test8",
            "max_loc_error": 2.8591470605206024,
            "max_rmse_i": 7.826038056935319,
            "max_rmse_t": 1.4679490842746894,
            "nonrigid_time": 0,
            "num_robots": 8,
            "order": 3,
            "percent_nonrigid": 0,
            "planner": "priority_prm",
            "planning_time": 7.1113128662109375,
            "setting": "adversarial1",
            "success": true,
            "total_dist": 658.6559696277722,
            "total_time": 59
        },
        "test_case_3": {
            "avg_dist": 36.2678299734086,
            "avg_loc_error": 0.7561827166650891,
            "avg_rmse_i": 1.8064189552608945,
            "avg_rmse_t": 0.5507433039142641,
            "form": "test6",
            "max_loc_error": 1.4481779096945921,
            "max_rmse_i": 5.0185148615355155,
            "max_rmse_t": 1.0625011941321945,
            "nonrigid_time": 0,
            "num_robots": 6,
            "order": 0,
            "percent_nonrigid": 0,
            "planner": "priority_prm",
            "planning_time": 4.051321744918823,
            "setting": "rectangle",
            "success": true,
            "total_dist": 217.60697984045163,
            "total_time": 27
        },
        "test_case_4": {
            "success": false
        },
        "test_case_5": {
            "avg_dist": 47.66822892084517,
            "avg_loc_error": 2.2675719748890755,
            "avg_rmse_i": 5.413186541586776,
            "avg_rmse_t": 1.7889336130456417,
            "form": "test12",
            "max_loc_error": 5.443764847888329,
            "max_rmse_i": 13.265154145638316,
            "max_rmse_t": 3.9524951966882287,
            "nonrigid_time": 0,
            "num_robots": 12,
            "order": 0,
            "percent_nonrigid": 0,
            "planner": "priority_prm",
            "planning_time": 9.042101383209229,
            "setting": "curve_maze",
            "success": true,
            "total_dist": 572.0187470501421,
            "total_time": 38
        },
        "test_case_6": {
            "avg_dist": 83.5463642070594,
            "avg_loc_error": 1.0515795618979322,
            "avg_rmse_i": 2.8806212162558076,
            "avg_rmse_t": 0.5926294883899115,
            "form": "test12",
            "max_loc_error": 2.353687383575972,
            "max_rmse_i": 5.654473164117736,
            "max_rmse_t": 1.4452578997718604,
            "nonrigid_time": 0,
            "num_robots": 12,
            "order": 0,
            "percent_nonrigid": 0,
            "planner": "priority_prm",
            "planning_time": 11.334603786468506,
            "setting": "adversarial1",
            "success": true,
            "total_dist": 1002.5563704847127,
            "total_time": 62
        },
        "test_case_7": {
            "success": false
        },
        "test_case_8": {
            "avg_dist": 78.9661558664229,
            "avg_loc_error": 3.786350083760802,
            "avg_rmse_i": 9.552130726514646,
            "avg_rmse_t": 2.6371677668181213,
            "form": "test20",
            "max_loc_error": 10.75482050075924,
            "max_rmse_i": 19.85599071435928,
            "max_rmse_t": 7.380289998099842,
            "nonrigid_time": 0,
            "num_robots": 20,
            "order": 0,
            "percent_nonrigid": 0,
            "planner": "priority_prm",
            "planning_time": 25.394387245178223,
            "setting": "adversarial1",
            "success": true,
            "total_dist": 1579.323117328458,
            "total_time": 61
        }
    }
}