{
    "priority_prm": {
        "test_case_1": {
            "success": false
        },
        "test_case_2": {
            "avg_dist": 83.25890224828464,
            "avg_loc_error": 1.5156388705153012,
            "avg_rmse_i": 5.062006104257021,
            "avg_rmse_t": 0.772444780744186,
            "form": "test8",
            "max_loc_error": 3.047503766916695,
            "max_rmse_i": 9.841452468837428,
            "max_rmse_t": 1.4853670294813215,
            "nonrigid_time": 0,
            "num_robots": 8,
            "order": 0,
            "percent_nonrigid": 0,
            "planner": "priority_prm",
            "planning_time": 7.072230577468872,
            "setting": "adversarial1",
            "success": true,
            "total_dist": 666.0712179862771,
            "total_time": 61
        },
        "test_case_3": {
            "avg_dist": 36.272036519011316,
            "avg_loc_error": 0.7299216442431005,
            "avg_rmse_i": 1.6758024360444768,
            "avg_rmse_t": 0.5106926678995253,
            "form": "test6",
            "max_loc_error": 1.1674865732001194,
            "max_rmse_i": 3.948101568875272,
            "max_rmse_t": 0.799132080636071,
            "nonrigid_time": 0,
            "num_robots": 6,
            "order": 0,
            "percent_nonrigid": 0,
            "planner": "priority_prm",
            "planning_time": 3.759608268737793,
            "setting": "rectangle",
            "success": true,
            "total_dist": 217.63221911406788,
            "total_time": 27
        },
        "test_case_4": {
            "success": false
        },
        "test_case_5": {
            "avg_dist": 47.698797011385864,
            "avg_loc_error": 2.475707845940056,
            "avg_rmse_i": 6.076473448248411,
            "avg_rmse_t": 1.844298127386806,
            "form": "test12",
            "max_loc_error": 6.493817017664672,
            "max_rmse_i": 14.521322924024963,
            "max_rmse_t": 4.6685906550206155,
            "nonrigid_time": 0,
            "num_robots": 12,
            "order": 1,
            "percent_nonrigid": 0,
            "planner": "priority_prm",
            "planning_time": 9.929763317108154,
            "setting": "curve_maze",
            "success": true,
            "total_dist": 572.3855641366304,
            "total_time": 38
        },
        "test_case_6": {
            "avg_dist": 83.59554097852303,
            "avg_loc_error": 1.1523839321123484,
            "avg_rmse_i": 3.054780328218507,
            "avg_rmse_t": 0.6438714546629397,
            "form": "test12",
            "max_loc_error": 2.353687383575972,
            "max_rmse_i": 5.810952823172004,
            "max_rmse_t": 1.4452578997718604,
            "nonrigid_time": 0,
            "num_robots": 12,
            "order": 0,
            "percent_nonrigid": 0,
            "planner": "priority_prm",
            "planning_time": 14.195333242416382,
            "setting": "adversarial1",
            "success": true,
            "total_dist": 1003.1464917422763,
            "total_time": 62
        },
        "test_case_7": {
            "success": false
        },
        "test_case_8": {
            "avg_dist": 79.24952950187217,
            "avg_loc_error": 3.6910818372365104,
            "avg_rmse_i": 9.3851086407003,
            "avg_rmse_t": 2.551053957798323,
            "form": "test20",
            "max_loc_error": 10.375442673915732,
            "max_rmse_i": 20.02451420042722,
            "max_rmse_t": 7.212301185494769,
            "nonrigid_time": 0,
            "num_robots": 20,
            "order": 0,
            "percent_nonrigid": 0,
            "planner": "priority_prm",
            "planning_time": 32.935001373291016,
            "setting": "adversarial1",
            "success": true,
            "total_dist": 1584.9905900374436,
            "total_time": 63
        }
    }
}