{
    "decoupled_rrt": {
        "test_case_1": {
            "avg_dist": 59.96561791415638,
            "avg_loc_error": 1.4267513548961166,
            "avg_rmse_i": 5.201450690781948,
            "avg_rmse_t": 0.6979130207281818,
            "form": "test8",
            "max_loc_error": 2.6549007219340264,
            "max_rmse_i": 11.747065111692198,
            "max_rmse_t": 1.2641362667020775,
            "nonrigid_time": 7,
            "num_robots": 8,
            "order": 0,
            "percent_nonrigid": 10.294117647058822,
            "planner": "decoupled_rrt",
            "planning_time": 4.150028705596924,
            "setting": "curve_maze",
            "success": true,
            "total_dist": 479.72494331325106,
            "total_time": 68
        },
        "test_case_2": {
            "avg_dist": 108.68799526659598,
            "avg_loc_error": 1.5541313470502878,
            "avg_rmse_i": 7.129790688813092,
            "avg_rmse_t": 0.6035570078942405,
            "form": "test8",
            "max_loc_error": 2.9347437487467665,
            "max_rmse_i": 20.41373389091538,
            "max_rmse_t": 1.1486105865755252,
            "nonrigid_time": 0,
            "num_robots": 8,
            "order": 0,
            "percent_nonrigid": 0,
            "planner": "decoupled_rrt",
            "planning_time": 11.579561471939087,
            "setting": "adversarial1",
            "success": true,
            "total_dist": 869.5039621327678,
            "total_time": 120
        },
        "test_case_3": {
            "avg_dist": 42.25736363164471,
            "avg_loc_error": 1.000810912275434,
            "avg_rmse_i": 3.351999433419371,
            "avg_rmse_t": 0.5910727200319341,
            "form": "test6",
            "max_loc_error": 1.8114047204743564,
            "max_rmse_i": 10.496531839166208,
            "max_rmse_t": 1.0241743833713066,
            "nonrigid_time": 0,
            "num_robots": 6,
            "order": 0,
            "percent_nonrigid": 0,
            "planner": "decoupled_rrt",
            "planning_time": 0.4844365119934082,
            "setting": "rectangle",
            "success": true,
            "total_dist": 253.54418178986825,
            "total_time": 48
        },
        "test_case_4": {
            "avg_dist": 37.57034331943893,
            "avg_loc_error": 0.46117090518126336,
            "avg_rmse_i": 0.8547219453391778,
            "avg_rmse_t": 0.35053046577344393,
            "form": "test20",
            "max_loc_error": 1.0713730946126099,
            "max_rmse_i": 1.5756281226499356,
            "max_rmse_t": 0.8263536167637646,
            "nonrigid_time": 0,
            "num_robots": 20,
            "order": 0,
            "percent_nonrigid": 0,
            "planner": "decoupled_rrt",
            "planning_time": 1.7639577388763428,
            "setting": "rectangle",
            "success": true,
            "total_dist": 751.4068663887787,
            "total_time": 49
        },
        "test_case_5": {
            "avg_dist": 64.57029485189308,
            "avg_loc_error": 0.6292947366063982,
            "avg_rmse_i": 1.8963401655074685,
            "avg_rmse_t": 0.3264247950028221,
            "form": "test12",
            "max_loc_error": 1.0243368216365685,
            "max_rmse_i": 3.5860173240155446,
            "max_rmse_t": 0.5476393426603668,
            "nonrigid_time": 0,
            "num_robots": 12,
            "order": 0,
            "percent_nonrigid": 0,
            "planner": "decoupled_rrt",
            "planning_time": 8.086478471755981,
            "setting": "curve_maze",
            "success": true,
            "total_dist": 774.843538222717,
            "total_time": 78
        },
        "test_case_6": {
            "avg_dist": 111.53947740540201,
            "avg_loc_error": 1.523741678484943,
            "avg_rmse_i": 7.68730939456539,
            "avg_rmse_t": 0.668899494179055,
            "form": "test12",
            "max_loc_error": 5.942521242363853,
            "max_rmse_i": 15.005854389315022,
            "max_rmse_t": 2.352625703402984,
            "nonrigid_time": 1,
            "num_robots": 12,
            "order": 0,
            "percent_nonrigid": 0.8,
            "planner": "decoupled_rrt",
            "planning_time": 22.059908151626587,
            "setting": "adversarial1",
            "success": true,
            "total_dist": 1338.4737288648241,
            "total_time": 125
        },
        "test_case_7": {
            "avg_dist": 54.4499207886102,
            "avg_loc_error": 0.5682448012496676,
            "avg_rmse_i": 1.2828322225811575,
            "avg_rmse_t": 0.388128320312324,
            "form": "test20",
            "max_loc_error": 1.4027803931156615,
            "max_rmse_i": 2.4907569011240205,
            "max_rmse_t": 0.9451132375174487,
            "nonrigid_time": 0,
            "num_robots": 20,
            "order": 0,
            "percent_nonrigid": 0,
            "planner": "decoupled_rrt",
            "planning_time": 10.109655141830444,
            "setting": "curve_maze",
            "success": true,
            "total_dist": 1088.998415772204,
            "total_time": 64
        },
        "test_case_8": {
            "avg_dist": 100.20205103273267,
            "avg_loc_error": 0.7796823804197534,
            "avg_rmse_i": 2.666261420289815,
            "avg_rmse_t": 0.46562678925145645,
            "form": "test20",
            "max_loc_error": 2.2606743157357307,
            "max_rmse_i": 6.4832556397785845,
            "max_rmse_t": 1.3068856476365112,
            "nonrigid_time": 0,
            "num_robots": 20,
            "order": 0,
            "percent_nonrigid": 0,
            "planner": "decoupled_rrt",
            "planning_time": 32.493656396865845,
            "setting": "adversarial1",
            "success": true,
            "total_dist": 2004.0410206546535,
            "total_time": 114
        }
    }
}