{
    "a_star": {
        "test_case_1": {
            "avg_dist": 45.00023680100672,
            "avg_loc_error": 1.266151112789437,
            "avg_rmse_i": 3.0990886279313803,
            "avg_rmse_t": 0.8152662227710253,
            "form": "test8",
            "max_loc_error": 2.25500290911599,
            "max_rmse_i": 5.924439121054854,
            "max_rmse_t": 1.4001351137842521,
            "nonrigid_time": 3,
            "num_robots": 8,
            "order": 0,
            "percent_nonrigid": 8.571428571428571,
            "planner": "a_star",
            "planning_time": 6.087893724441528,
            "setting": "curve_maze",
            "success": true,
            "total_dist": 360.0018944080538,
            "total_time": 35
        },
        "test_case_2": {
            "avg_dist": 80.64447464108683,
            "avg_loc_error": 1.0726180491678305,
            "avg_rmse_i": 3.421671759325462,
            "avg_rmse_t": 0.5585363054285565,
            "form": "test8",
            "max_loc_error": 2.188299285138112,
            "max_rmse_i": 6.7892868236267665,
            "max_rmse_t": 1.1742134929781536,
            "nonrigid_time": 11,
            "num_robots": 8,
            "order": 0,
            "percent_nonrigid": 18.96551724137931,
            "planner": "a_star",
            "planning_time": 7.993919134140015,
            "setting": "adversarial1",
            "success": true,
            "total_dist": 645.1557971286946,
            "total_time": 58
        },
        "test_case_3": {
            "avg_dist": 36.01960585142472,
            "avg_loc_error": 0.731807303157801,
            "avg_rmse_i": 1.7516331494443005,
            "avg_rmse_t": 0.526932197127208,
            "form": "test6",
            "max_loc_error": 1.4573893892169891,
            "max_rmse_i": 4.6213430902816865,
            "max_rmse_t": 1.0691667353201875,
            "nonrigid_time": 0,
            "num_robots": 6,
            "order": 0,
            "percent_nonrigid": 0,
            "planner": "a_star",
            "planning_time": 4.186219930648804,
            "setting": "rectangle",
            "success": true,
            "total_dist": 216.1176351085483,
            "total_time": 27
        },
        "test_case_4": {
            "success": false
        },
        "test_case_5": {
            "avg_dist": 47.70063454551771,
            "avg_loc_error": 2.074528816164901,
            "avg_rmse_i": 4.955470644732214,
            "avg_rmse_t": 1.649914243364326,
            "form": "test12",
            "max_loc_error": 4.439255134262333,
            "max_rmse_i": 12.335607369947054,
            "max_rmse_t": 3.689052675104608,
            "nonrigid_time": 0,
            "num_robots": 12,
            "order": 0,
            "percent_nonrigid": 0,
            "planner": "a_star",
            "planning_time": 9.341489791870117,
            "setting": "curve_maze",
            "success": true,
            "total_dist": 572.4076145462125,
            "total_time": 39
        },
        "test_case_6": {
            "avg_dist": 83.49457993764348,
            "avg_loc_error": 1.103652855430802,
            "avg_rmse_i": 2.963044488544171,
            "avg_rmse_t": 0.6248938768436431,
            "form": "test12",
            "max_loc_error": 2.6468857502116614,
            "max_rmse_i": 6.081643410620721,
            "max_rmse_t": 1.5774068632146006,
            "nonrigid_time": 0,
            "num_robots": 12,
            "order": 0,
            "percent_nonrigid": 0,
            "planner": "a_star",
            "planning_time": 12.38951587677002,
            "setting": "adversarial1",
            "success": true,
            "total_dist": 1001.9349592517218,
            "total_time": 62
        },
        "test_case_7": {
            "avg_dist": 41.72294592015481,
            "avg_loc_error": 2.4964498561374904,
            "avg_rmse_i": 4.795204717579718,
            "avg_rmse_t": 2.249987064532934,
            "form": "test20",
            "max_loc_error": 7.500308393497717,
            "max_rmse_i": 10.715160468221217,
            "max_rmse_t": 6.766951736166704,
            "nonrigid_time": 0,
            "num_robots": 20,
            "order": 0,
            "percent_nonrigid": 0,
            "planner": "a_star",
            "planning_time": 17.60476326942444,
            "setting": "curve_maze",
            "success": true,
            "total_dist": 834.4589184030962,
            "total_time": 37
        },
        "test_case_8": {
            "avg_dist": 77.8926057250418,
            "avg_loc_error": 3.714467188961887,
            "avg_rmse_i": 9.245254786458641,
            "avg_rmse_t": 2.7245160912927,
            "form": "test20",
            "max_loc_error": 10.54078444969932,
            "max_rmse_i": 24.038263211466393,
            "max_rmse_t": 7.6009999464664615,
            "nonrigid_time": 0,
            "num_robots": 20,
            "order": 0,
            "percent_nonrigid": 0,
            "planner": "a_star",
            "planning_time": 25.477158069610596,
            "setting": "adversarial1",
            "success": true,
            "total_dist": 1557.852114500836,
            "total_time": 59
        }
    }
}