{
    "priority_prm": {
        "test_case_1": {
            "avg_dist": 45.6022573915584,
            "avg_loc_error": 1.252819769905853,
            "avg_rmse_i": 3.1312387204214467,
            "avg_rmse_t": 0.8140090406382992,
            "form": "test8",
            "max_loc_error": 2.2548477896301775,
            "max_rmse_i": 6.116427269139895,
            "max_rmse_t": 1.4616517869405254,
            "nonrigid_time": 0,
            "num_robots": 8,
            "order": 0,
            "percent_nonrigid": 0,
            "planner": "priority_prm",
            "planning_time": 4.990280389785767,
            "setting": "curve_maze",
            "success": true,
            "total_dist": 364.8180591324672,
            "total_time": 35
        },
        "test_case_2": {
            "avg_dist": 81.15513358594525,
            "avg_loc_error": 1.0879142398750419,
            "avg_rmse_i": 3.3901896344817386,
            "avg_rmse_t": 0.5452448419355475,
            "form": "test8",
            "max_loc_error": 2.547924607719713,
            "max_rmse_i": 7.026688078709492,
            "max_rmse_t": 1.2607795904753556,
            "nonrigid_time": 0,
            "num_robots": 8,
            "order": 0,
            "percent_nonrigid": 0,
            "planner": "priority_prm",
            "planning_time": 7.2474141120910645,
            "setting": "adversarial1",
            "success": true,
            "total_dist": 649.241068687562,
            "total_time": 58
        },
        "test_case_3": {
            "avg_dist": 36.10605381307124,
            "avg_loc_error": 0.7672577387566383,
            "avg_rmse_i": 1.8058942049917561,
            "avg_rmse_t": 0.5433394799046568,
            "form": "test6",
            "max_loc_error": 1.440287554297841,
            "max_rmse_i": 4.406525939585278,
            "max_rmse_t": 1.0526401319664607,
            "nonrigid_time": 0,
            "num_robots": 6,
            "order": 0,
            "percent_nonrigid": 0,
            "planner": "priority_prm",
            "planning_time": 3.8721954822540283,
            "setting": "rectangle",
            "success": true,
            "total_dist": 216.63632287842745,
            "total_time": 27
        },
        "test_case_4": {
            "success": false
        },
        "test_case_5": {
            "avg_dist": 47.714980618320304,
            "avg_loc_error": 2.3387809607621066,
            "avg_rmse_i": 5.653205606954118,
            "avg_rmse_t": 1.7918088673887183,
            "form": "test12",
            "max_loc_error": 5.174796802407082,
            "max_rmse_i": 13.52338370621511,
            "max_rmse_t": 3.745918452425912,
            "nonrigid_time": 0,
            "num_robots": 12,
            "order": 0,
            "percent_nonrigid": 0,
            "planner": "priority_prm",
            "planning_time": 8.430335283279419,
            "setting": "curve_maze",
            "success": true,
            "total_dist": 572.5797674198436,
            "total_time": 40
        },
        "test_case_6": {
            "avg_dist": 83.38488221117561,
            "avg_loc_error": 1.6978078806368935,
            "avg_rmse_i": 5.177354762826884,
            "avg_rmse_t": 0.9738639812901819,
            "form": "test12",
            "max_loc_error": 5.522592289436705,
            "max_rmse_i": 10.319060120188041,
            "max_rmse_t": 3.0665098759688623,
            "nonrigid_time": 0,
            "num_robots": 12,
            "order": 1,
            "percent_nonrigid": 0,
            "planner": "priority_prm",
            "planning_time": 11.314855813980103,
            "setting": "adversarial1",
            "success": true,
            "total_dist": 1000.6185865341073,
            "total_time": 62
        },
        "test_case_7": {
            "success": false
        },
        "test_case_8": {
            "avg_dist": 78.78969419385501,
            "avg_loc_error": 3.8623686510964452,
            "avg_rmse_i": 9.759558377188322,
            "avg_rmse_t": 2.7090490010394404,
            "form": "test20",
            "max_loc_error": 11.121829416034732,
            "max_rmse_i": 22.927505088042857,
            "max_rmse_t": 7.698427090283343,
            "nonrigid_time": 0,
            "num_robots": 20,
            "order": 0,
            "percent_nonrigid": 0,
            "planner": "priority_prm",
            "planning_time": 28.005041360855103,
            "setting": "adversarial1",
            "success": true,
            "total_dist": 1575.7938838771001,
            "total_time": 61
        }
    }
}