{"priority_prm": {"test_case_1": {"avg_loc_error": 0.2755746709851191, "max_loc_error": 0.8037596620911476, "avg_rmse_t": 0.14421187701017465, "max_rmse_t": 0.42933028753989394, "avg_rmse_i": 0.9733958948033484, "max_rmse_i": 2.147275978275392, "total_time": 60, "nonrigid_time": 0, "percent_nonrigid": 0.0, "total_dist": 669.9160388571725, "planning_time": 5.042575359344482, "success": true, "planner": "priority_prm", "form": "test8", "num_robots": 8, "setting": "adversarial1", "avg_dist": 83.73950485714656, "order": 0}}}