{
    "a_star": {
        "test_case_1": {
            "avg_dist": 36.01960585142472,
            "avg_loc_error": 0.07550376092796347,
            "avg_rmse_i": 0.187564947570928,
            "avg_rmse_t": 0.056530669956465086,
            "form": "test6",
            "max_loc_error": 0.2117399899685759,
            "max_rmse_i": 0.5605282076954373,
            "max_rmse_t": 0.15415531017747194,
            "nonrigid_time": 0,
            "num_robots": 6,
            "order": 0,
            "percent_nonrigid": 0,
            "planner": "a_star",
            "planning_time": 3.170245885848999,
            "setting": "rectangle",
            "success": true,
            "total_dist": 216.1176351085483,
            "total_time": 27
        },
        "test_case_2": {
            "avg_dist": 45.00023680100672,
            "avg_loc_error": 0.09938131062623279,
            "avg_rmse_i": 0.2682996635947655,
            "avg_rmse_t": 0.06896396311478672,
            "form": "test8",
            "max_loc_error": 0.3314683651435619,
            "max_rmse_i": 0.6917047171864358,
            "max_rmse_t": 0.24868094395571508,
            "nonrigid_time": 6,
            "num_robots": 8,
            "order": 0,
            "percent_nonrigid": 17.142857142857142,
            "planner": "a_star",
            "planning_time": 4.30945897102356,
            "setting": "curve_maze",
            "success": true,
            "total_dist": 360.0018944080538,
            "total_time": 35
        },
        "test_case_3": {
            "avg_dist": 80.64447464108683,
            "avg_loc_error": 0.16915114775471735,
            "avg_rmse_i": 0.6205670466399806,
            "avg_rmse_t": 0.0879496771691201,
            "form": "test8",
            "max_loc_error": 0.8520294837359429,
            "max_rmse_i": 1.4423129945058037,
            "max_rmse_t": 0.4514593130077879,
            "nonrigid_time": 22,
            "num_robots": 8,
            "order": 0,
            "percent_nonrigid": 37.93103448275862,
            "planner": "a_star",
            "planning_time": 5.739124774932861,
            "setting": "adversarial1",
            "success": true,
            "total_dist": 645.1557971286946,
            "total_time": 58
        },
        "test_case_4": {
            "avg_dist": 83.49457993764348,
            "avg_loc_error": 0.0752751703617447,
            "avg_rmse_i": 0.2147448039055677,
            "avg_rmse_t": 0.04394531767075703,
            "form": "test12",
            "max_loc_error": 0.1999129296213004,
            "max_rmse_i": 0.4754434885270419,
            "max_rmse_t": 0.11782701019801213,
            "nonrigid_time": 0,
            "num_robots": 12,
            "order": 0,
            "percent_nonrigid": 0,
            "planner": "a_star",
            "planning_time": 9.441147804260254,
            "setting": "adversarial1",
            "success": true,
            "total_dist": 1001.9349592517218,
            "total_time": 62
        },
        "test_case_5": {
            "avg_dist": 77.8926057250418,
            "avg_loc_error": 0.04699356819673859,
            "avg_rmse_i": 0.09681581091615031,
            "avg_rmse_t": 0.034295913541211226,
            "form": "test20",
            "max_loc_error": 0.11151051388947479,
            "max_rmse_i": 0.17438469636516227,
            "max_rmse_t": 0.08695609516795072,
            "nonrigid_time": 0,
            "num_robots": 20,
            "order": 0,
            "percent_nonrigid": 0,
            "planner": "a_star",
            "planning_time": 20.286433219909668,
            "setting": "adversarial1",
            "success": true,
            "total_dist": 1557.852114500836,
            "total_time": 59
        }
    },
    "decoupled_rrt": {
        "test_case_1": {
            "avg_dist": 42.25736363164471,
            "avg_loc_error": 0.04868841159585947,
            "avg_rmse_i": 0.16533965717727028,
            "avg_rmse_t": 0.0270655441783085,
            "form": "test6",
            "max_loc_error": 0.13220537984544145,
            "max_rmse_i": 0.3962751001092524,
            "max_rmse_t": 0.06620363164970224,
            "nonrigid_time": 0,
            "num_robots": 6,
            "order": 0,
            "percent_nonrigid": 0,
            "planner": "decoupled_rrt",
            "planning_time": 0.4140758514404297,
            "setting": "rectangle",
            "success": true,
            "total_dist": 253.54418178986825,
            "total_time": 48
        },
        "test_case_2": {
            "avg_dist": 59.96561791415638,
            "avg_loc_error": 0.08001872805908701,
            "avg_rmse_i": 0.31896029627947503,
            "avg_rmse_t": 0.044231437963733126,
            "form": "test8",
            "max_loc_error": 0.24417144716796582,
            "max_rmse_i": 0.9683692006883595,
            "max_rmse_t": 0.17746574659582076,
            "nonrigid_time": 7,
            "num_robots": 8,
            "order": 0,
            "percent_nonrigid": 10.294117647058822,
            "planner": "decoupled_rrt",
            "planning_time": 2.6608996391296387,
            "setting": "curve_maze",
            "success": true,
            "total_dist": 479.72494331325106,
            "total_time": 68
        },
        "test_case_3": {
            "avg_dist": 108.68799526659598,
            "avg_loc_error": 0.07870195128950647,
            "avg_rmse_i": 0.4086511556733208,
            "avg_rmse_t": 0.030910719672866217,
            "form": "test8",
            "max_loc_error": 0.44229063391929985,
            "max_rmse_i": 1.1919705677063865,
            "max_rmse_t": 0.15609977613141598,
            "nonrigid_time": 0,
            "num_robots": 8,
            "order": 0,
            "percent_nonrigid": 0,
            "planner": "decoupled_rrt",
            "planning_time": 8.6445791721344,
            "setting": "adversarial1",
            "success": true,
            "total_dist": 869.5039621327678,
            "total_time": 120
        },
        "test_case_4": {
            "avg_dist": 111.53947740540201,
            "avg_loc_error": 0.07011782098360926,
            "avg_rmse_i": 0.3235125972289681,
            "avg_rmse_t": 0.030743515826597605,
            "form": "test12",
            "max_loc_error": 0.3491912685817586,
            "max_rmse_i": 0.7755864091029778,
            "max_rmse_t": 0.1852758314476068,
            "nonrigid_time": 6,
            "num_robots": 12,
            "order": 0,
            "percent_nonrigid": 4.8,
            "planner": "decoupled_rrt",
            "planning_time": 13.477973699569702,
            "setting": "adversarial1",
            "success": true,
            "total_dist": 1338.4737288648241,
            "total_time": 125
        },
        "test_case_5": {
            "avg_dist": 100.20205103273267,
            "avg_loc_error": 0.04700233170234296,
            "avg_rmse_i": 0.13704619634075296,
            "avg_rmse_t": 0.02500910796128764,
            "form": "test20",
            "max_loc_error": 0.14385092500139332,
            "max_rmse_i": 0.21666467589322452,
            "max_rmse_t": 0.07202640732887455,
            "nonrigid_time": 0,
            "num_robots": 20,
            "order": 0,
            "percent_nonrigid": 0,
            "planner": "decoupled_rrt",
            "planning_time": 20.40809154510498,
            "setting": "adversarial1",
            "success": true,
            "total_dist": 2004.0410206546535,
            "total_time": 114
        }
    },
    "potential_field": {
        "test_case_1": {
            "avg_dist": 34.64122899681478,
            "avg_loc_error": 0.049042219505690786,
            "avg_rmse_i": 0.14503078086703639,
            "avg_rmse_t": 0.02952433173336172,
            "form": "test6",
            "max_loc_error": 0.0873148148869209,
            "max_rmse_i": 0.36412141228561684,
            "max_rmse_t": 0.05056611933532055,
            "nonrigid_time": 0,
            "num_robots": 6,