{"priority_prm": {"test_case_1": {"avg_loc_error": 0.1874452661388541, "max_loc_error": 0.4451925706150917, "avg_rmse_t": 0.12186530448059842, "max_rmse_t": 0.30954868897401944, "avg_rmse_i": 0.46363718599114073, "max_rmse_i": 0.8477382344912693, "total_time": 63, "nonrigid_time": 0, "percent_nonrigid": 0.0, "total_dist": 1253.8911750517336, "planning_time": 11.291240930557251, "success": true, "planner": "priority_prm", "form": "test16", "num_robots": 16, "setting": "adversarial1", "avg_dist": 78.36819844073335, "order": 24}}}